<hibernate-configuration>
<session-factory>
<property name="hibernate.hbm2ddl.auto">update</property>
<property name="dialect">org.hibernate.dialect.MySQL8Dialect</property>
<property name="connection.driver_class">com.mysql.cj.jdbc.Driver</property>
<property name="connection.url">jdbc:mysql://localhost:3306/hbm</property>
<property name="connection.username">root</property>
<property name="connection.password">kashish</property>
<property name="hibernate.show_sql">true</property>
<property name="hibernate.format_sql">true</property>
<mapping class="com.Edubridge.Employee"/>
<mapping class="com.Edubridge.RegularEmployee"/>
<mapping class="com.Edubridge.ContractEmployee"/>
</session-factory>
</hibernate-configuration>